x,y
2.463098,-9.325958
3.136983,-7.754447
3.773491,-9.334024
1.681054,-11.021778
3.158049,-7.533164
2.851021,-9.659270
3.586200,-11.680103
2.320120,-8.764241
4.098643,-9.860729
3.353436,-9.127465
3.962026,-11.169618
3.640912,-11.771565
-1.141382,-10.410121
1.414821,-8.185767
3.784935,-11.328397
4.059578,-11.003089
2.659170,-9.940635
2.960166,-8.271830
3.746157,-8.974957
3.763458,-8.782047
1.848058,-10.575842
2.083584,-8.750795
2.413363,-5.996154
1.559597,-11.148097
3.941246,-7.367010
3.547075,-8.246059
4.928053,-9.640826
0.654098,-10.297900
4.217880,-11.665303
2.838833,-9.119929
2.315148,-8.414337
3.659706,-6.017672
3.718488,-10.413890
1.945840,-10.747157
4.216946,-10.350034
2.683145,-8.375831
1.703341,-9.940272
0.026607,-11.123503
1.936931,-8.876143
4.578776,-9.527485
3.180582,-9.247831
4.415648,-8.159752
3.199076,-11.016201
4.143614,-8.928214
4.628948,-9.544645
5.718187,-10.038099
5.178127,-9.327106
2.014132,-11.192457
2.561990,-7.364803
4.013098,-8.466459
-0.775273,-8.433339
3.622315,-10.324674
1.847459,-9.503251
5.375850,-11.082436
2.146828,-7.457108
2.119310,-10.046162
2.935200,-11.361719
3.118454,-11.314211
4.116333,-9.495014
6.213683,-9.078524
4.837070,-11.454681
2.605327,-9.015066
5.407117,-12.021159
4.274465,-8.612754
5.088855,-8.431207
2.866643,-10.282259
0.916266,-9.206651
2.500991,-6.469384
1.871999,-9.019197
0.435034,-10.092979
3.180258,-8.263845
4.960688,-9.566007
1.112669,-8.813009
3.564017,-8.762297
1.738104,-7.799708
2.920380,-8.450048
4.699646,-8.585876
3.218310,-6.270592
3.154091,-9.943731
2.956487,-7.275632
2.966605,-8.720718
4.582133,-10.269073
0.198681,-9.050650
3.133138,-10.411800
4.095166,-8.588434
1.296047,-8.722457
2.494379,-11.724323
3.467961,-9.567607
1.670612,-8.715367
3.520676,-10.366091
3.389064,-7.977187
1.719536,-8.928450
2.792670,-6.100769
-0.004918,-8.456859
2.329168,-9.650081
5.640919,-9.512645
6.149952,-10.163007
3.314304,-10.236056
1.752504,-9.406060
2.364679,-9.196048
-0.369006,-6.496083
2.538041,-6.885427
1.277868,-9.060981
7.535949,-10.804379
0.545586,-10.319549
3.497269,-8.459775
4.724086,-9.885303
0.385160,-10.152330
4.648870,-8.801291
-0.146872,-9.552362
4.885788,-6.309963
3.631066,-9.035831
0.928227,-10.764649
2.858910,-8.744988
3.658812,-10.217098
1.060623,-10.666458
1.053074,-8.534671
-0.679886,-9.999702
3.463353,-7.216766
2.895485,-7.997859
2.190030,-10.616391
1.776946,-7.208781
4.279868,-8.768688
7.783939,-9.548297
3.719060,-9.038398
2.455707,-6.025528
5.048443,-11.599004
2.188766,-8.857280
3.963311,-11.522456
-0.594806,-12.359335
2.681869,-9.654590
3.306365,-10.654297
0.952179,-12.534352
3.282317,-8.944704
4.278026,-8.313591
2.502463,-7.475893
2.583986,-10.491039
2.007668,-10.377002
-0.460069,-9.265296
3.163364,-10.043184
1.717774,-8.942079
5.363842,-9.442402
2.027086,-10.386956
2.683901,-11.396933
2.600645,-9.408011
5.555554,-8.084574
4.339580,-10.569208
3.793418,-11.208859
3.256477,-8.871679
1.638922,-6.500715
3.639596,-12.353877
3.617826,-10.110903
2.790600,-8.801138
3.374335,-12.558512
1.051056,-8.340849
4.740342,-6.645056
5.493288,-12.583090
3.942759,-12.374220
5.208937,-9.119761
1.076783,-6.484933
3.754492,-12.336508
3.228738,-10.596495
2.955479,-10.197577
4.848777,-11.634714
3.264644,-6.778502
1.548096,-9.183812
3.091538,-10.534338
3.760376,-9.354209
1.372885,-6.856761
3.975958,-9.750445
1.833524,-10.676329
4.634947,-9.719502
3.477693,-9.776470
3.713150,-9.673754
3.934317,-9.774601
4.032917,-8.491209
2.613621,-10.789451
1.378356,-10.610890
1.311805,-8.201090
2.718633,-7.144633
6.207531,-9.463451
0.466510,-10.071965
2.675513,-11.732448
2.412796,-9.069365
2.099394,-10.652424
1.650401,-6.819759
2.549067,-10.744680
2.229188,-8.068269
1.761504,-8.777014
3.880363,-8.376108
4.888078,-10.325508
4.487635,-10.689065
2.193726,-7.705654
4.022099,-9.496639
1.001415,-8.657295
1.842977,-10.885612
1.816335,-9.130044
-0.393012,-8.958640
3.049400,-10.376574
4.343927,-8.582624
1.879110,-10.504810
3.831263,-11.773895
2.289602,-10.446355
2.893352,-9.183095
2.843718,-7.797513
3.130631,-9.972273
0.972254,-8.417010
3.580756,-7.323571
1.667354,-9.460158
2.700497,-9.631201
2.804121,-12.071594
4.026014,-8.519976
4.484246,-6.125423
2.310085,-9.554000
2.803211,-6.586507
0.191706,-8.771133
0.582289,-13.372141
-0.242713,-11.572438
4.392074,-10.802326
2.447349,-11.245054
3.704962,-11.152727
4.765014,-10.989443
1.641295,-9.315673
2.825603,-7.362750
2.969147,-11.311536
1.948033,-10.358961
3.876099,-8.924095
2.609449,-8.195374
1.995791,-9.704136
3.059677,-7.207513
2.640736,-10.025983
1.219780,-8.470707
1.907068,-8.984257
-0.063879,-7.935004
0.790629,-10.665798
4.376408,-11.501491
2.669353,-9.388401
1.290701,-7.485385
5.036703,-12.457211
0.615051,-8.287437
0.834000,-10.082741
2.982864,-8.462010
2.453657,-9.356954
1.623437,-7.561242
2.045565,-8.990186
2.021079,-9.340300
2.536291,-9.743481
1.267865,-8.305166
4.909600,-9.135063
3.887039,-8.242683
4.180515,-9.044750
3.106922,-8.203774
2.891784,-10.960662
2.824309,-12.332408
2.779686,-8.879726
4.642507,-9.272869
4.180746,-9.500591
1.253321,-11.616854
1.333934,-11.549006
3.739098,-9.811207
3.644008,-9.389638
4.354610,-7.909496
1.820529,-9.911259
1.989293,-11.931753
3.801362,-7.716593
2.778893,-10.239573
4.424894,-13.017228
3.054749,-9.284859
1.932250,-7.412423
4.244639,-9.891521
2.658492,-10.081821
2.020356,-11.462085
4.858459,-7.957785
3.985785,-11.141289
5.909804,-6.529537
3.070622,-10.856116
1.488891,-8.871962
1.419015,-9.551101
4.421503,-11.760021
5.797129,-7.149722
0.932907,-11.620247
2.363403,-11.046500
2.392955,-13.371564
2.445483,-6.795500
1.113644,-9.909388
0.554122,-8.542429
2.450557,-6.588685
3.098795,-10.058055
3.613945,-10.259127
0.779574,-9.046863
2.526233,-9.250312
3.351722,-10.265264
3.420901,-6.893240
1.126837,-6.893647
2.424331,-10.649725
6.429367,-9.267252
4.844140,-8.273394
0.267644,-9.318555
2.000556,-11.512474
0.130969,-9.346350
3.673915,-8.913783
2.329793,-10.697560
1.308244,-10.332526
1.238953,-9.804697
2.754205,-10.843767
2.440461,-10.640265
2.781827,-8.739153
3.055724,-8.791559
0.310514,-10.067830
3.203645,-8.538041
0.391531,-9.261018
4.598167,-9.767701
2.646399,-8.824100
3.159213,-8.487829
2.897157,-9.271041
1.614869,-9.755442
4.668219,-9.806040
2.535690,-10.237040
3.969315,-10.781804
4.154289,-10.905245
1.201864,-9.190876
2.983805,-9.053449
4.382342,-10.118529
3.453026,-10.864511
4.677290,-8.551097
3.593314,-9.217967
1.610137,-9.990842
3.541205,-9.528561
2.974153,-11.539514
3.060177,-10.537676
1.163531,-9.731813
0.003780,-8.451930
4.066555,-9.579939
1.297863,-10.917838
2.561851,-13.135385
3.059251,-8.503137
2.320694,-10.241388
3.061487,-8.973819
4.429764,-9.472190
1.753899,-10.191682
3.061455,-7.165484
2.308126,-11.078575
1.483376,-12.644287
3.283227,-11.541771
0.938272,-12.463807
1.111553,-8.647163
0.821505,-12.124248
3.055931,-10.011542
3.436821,-8.388945
2.775788,-11.446426
2.602836,-8.749396
1.914053,-11.655977
4.442454,-10.122656
2.174691,-9.475842
4.334245,-9.104355
2.288697,-8.476585
6.009073,-7.418106
3.797843,-11.183206
8.416624,-11.297771
2.230832,-10.549619
5.228874,-8.869425
0.647849,-9.098404
3.608894,-9.977509
0.958251,-10.587335
2.133262,-9.465688
2.008671,-8.396954
1.363615,-12.096865
1.679446,-7.476449
1.928802,-5.988572
3.525762,-11.246424
1.537107,-9.134726
1.022070,-5.937917
1.302200,-8.478370
4.978731,-9.663586
1.294744,-9.909384
3.331861,-8.186157
2.873611,-11.600119
2.852022,-10.509822
-0.486318,-10.546125
0.639860,-8.619503
5.704783,-6.711654
1.928723,-10.200876
3.821709,-7.907856
2.160428,-9.713739
6.098930,-9.660962
2.060554,-9.319914
3.658090,-11.032248
2.415932,-11.249326
2.371141,-6.684398
3.901119,-9.638600
1.388868,-9.966897
4.364636,-10.342315
4.964167,-11.560239
2.353467,-6.885638
-0.223222,-7.717165
0.011470,-9.634905
2.529734,-8.263345
-1.943279,-12.376500
1.939512,-9.444442
1.448711,-9.831085
1.009276,-10.101694
1.518387,-9.133753
3.660666,-7.350390
1.803908,-9.976773
2.860154,-9.942164
2.710550,-11.843053
3.346168,-10.872572
1.353094,-11.881974
4.530038,-9.710699
4.512774,-9.091332
0.233495,-11.125330
3.925434,-10.648309
1.153020,-9.768854
2.523085,-11.017586
2.299318,-10.217524
-1.096448,-8.745790
1.571474,-7.543126
1.063350,-11.869182
4.569972,-11.877368
1.834275,-8.603780
2.294067,-11.982993
3.070589,-9.791269
4.714319,-8.616813
7.342107,-11.968626
2.756024,-11.099767
4.520662,-8.267028
3.919593,-10.665783
1.670809,-12.544305
5.352786,-8.737456
2.397246,-8.099512
3.914909,-8.036889
0.353230,-10.570539
3.081699,-8.966653
4.224388,-11.012738
2.979350,-6.191754
3.826419,-8.193941
2.759755,-8.348344
5.494521,-9.339822
4.624504,-10.812494
3.673684,-8.143460
1.660531,-7.852599
1.775666,-10.707644
2.786747,-6.601800
3.252265,-8.096108
1.690839,-9.383539
1.023701,-10.356444
4.041997,-9.557381
4.965480,-9.803410
2.491632,-7.584763
1.815611,-11.779432
4.740451,-8.878503
-0.459256,-9.432991
2.182855,-6.882525
1.695049,-10.370937
1.422935,-11.080869
1.737792,-11.653672
1.241740,-11.909663
0.542618,-11.839297
2.006798,-10.525318
0.948830,-8.782379
2.716422,-10.147749
2.092576,-7.110466
3.148257,-8.786717
-1.090524,-10.480387
-0.467974,-10.139091
3.348501,-10.511232
3.566449,-11.033910
3.652241,-11.830199
2.396004,-8.870074
3.592417,-9.690680
5.698107,-10.121415
2.112042,-13.639046
5.441937,-10.053282
1.024513,-7.518428
4.641795,-9.337296
0.636154,-8.871321
1.856448,-11.255943
4.353595,-12.698673
3.639281,-8.810752
5.865052,-9.012024
-0.299111,-10.753966
2.885536,-8.966439
4.259760,-12.439299
2.293611,-8.044993
5.104491,-6.708249
2.203207,-7.853377
5.356104,-7.702681
3.874064,-8.258090
1.603710,-11.670660
4.262808,-10.020385
2.746336,-10.367865
2.199176,-9.150661
1.255747,-9.397035
3.157618,-9.615818
1.673091,-8.319855
5.597491,-10.401649
4.640230,-8.165889
-1.191342,-10.641576
1.834776,-8.327128
3.071268,-8.788188
-3.544995,-6.884160
-5.619239,-7.370119
-4.754820,-5.714440
-4.242606,-6.626747
-3.139627,-4.160119
-2.179635,-4.468823
-4.221147,-4.527149
-3.584786,-6.513508
-2.565336,-2.958008
-1.533984,-5.482947
-4.013008,-4.911247
-4.503232,-4.606852
-4.681183,-5.826460
-1.860940,-5.288712
-4.398898,-4.212756
-4.273914,-5.098352
-4.594760,-7.366410
-4.545871,-7.241112
-4.184187,-7.307943
-3.124350,-4.411933
-4.078771,-5.685986
-3.874962,-8.483283
-6.144643,-5.758885
-3.981524,-5.654879
-6.006329,-5.335616
-5.179964,-7.138681
-4.005161,-5.850753
-2.704689,-4.537487
-3.397407,-5.053285
-5.767181,-6.939226
-6.706151,-1.217266
-6.118581,-5.850533
-5.039997,-5.957432
-5.375489,-8.338303
-5.996704,-7.621790
-4.689583,-6.562084
-5.530184,-5.211966
-5.373591,-4.137644
-5.078683,-5.198050
-6.487359,-4.550476
-5.107189,-4.922648
-4.004406,-5.795950
-4.173255,-6.113730
-2.480249,-4.134352
-3.775672,-7.305996
-6.148372,-6.531578
-4.866917,-4.863762
-5.844220,-3.770174
-4.494021,-8.554958
-5.212389,-9.413563
-5.627007,-6.359477
-5.415029,-6.023666
-5.090566,-6.426387
-2.245668,-3.713432
-6.212175,-3.654935
-6.931465,-6.757703
-2.211625,-8.895115
-3.637235,-7.416026
-4.715414,-5.806090
-1.953607,-6.751690
-4.602936,-4.595256
-4.877080,-6.768886
-4.588213,-5.395518
-3.173330,-6.950364
-5.173109,-5.051371
-4.750165,-5.813706
-4.524918,-6.579544
-5.698949,-4.874690
-6.142064,-3.787709
-4.173456,-7.450597
-4.074873,-5.284867
-3.356172,-3.797511
-5.049042,-6.597429
-5.408386,-7.007418
-5.619076,-5.109032
-4.476515,-6.272821
-5.606797,-5.013956
-5.251812,-7.096020
-4.726926,-5.932526
-6.104476,-4.295021
-3.230395,-5.474445
-4.302853,-4.744823
-4.545797,-4.198847
-2.015401,-5.415046
-3.839033,-4.225608
-5.006478,-7.228242
-3.140412,-7.888932
-1.816159,-4.230135
-4.217877,-5.459141
-1.872377,-6.955124
-6.239704,-6.432989
-4.892110,-7.045489
-4.268622,-5.331868
-5.720199,-3.131206
-6.587525,-7.450870
-3.935234,-5.847010
-3.872823,-6.464241
-6.049423,-6.504100
-5.524807,-4.748291
-5.219351,-4.393640
-3.617301,-3.974891
-3.148335,-4.359256
-3.344634,-6.310824
-4.892240,-8.280976
-4.061788,-6.546434
-3.897095,-4.744559
-6.527554,-7.056544
-5.023433,-6.312186
-4.248883,-7.268921
-4.428646,-8.068514
-7.732079,-4.460790
-6.457384,-6.375662
-6.625458,-7.649091
-5.097698,-6.150978
-3.025533,-4.861517
-4.891091,-4.399260
-2.824582,-4.918838
-5.108888,-4.007880
-1.846631,-4.544984
-1.843399,-4.145887
-3.226126,-7.171065
-6.169738,-5.610010
-7.003600,-6.425216
-3.198408,-6.533518
-3.699627,-7.562662
-5.239875,-4.000625
-4.186645,-5.100361
-1.942328,-3.590580
-5.814699,-3.558937
-5.422280,-5.562170
-4.476594,-3.926225
-6.193314,-4.857994
-3.713391,-4.318515
-4.814992,-4.030667
-5.566730,-3.815197
-3.971053,-7.635910
-3.887533,-5.266828
-5.032898,-6.640166
-4.859703,-7.699021
-1.963334,-7.228203
-5.491338,-3.818437
-3.621867,-4.455417
-2.224351,-6.003999
-6.069156,-4.269383
-3.304996,-6.026119
-6.397784,-3.677059
-3.635643,-7.595996
-3.329483,-7.697251
-5.223359,-7.220749
-5.456159,-6.785752
-5.419380,-4.449389
-4.057527,-4.592688
-2.860900,-6.094839
-4.379572,-4.728556
-1.939306,-4.187168
-2.427087,-4.007338
-2.913516,-8.212790
-3.178125,-5.216398
-4.418092,-6.326668
-5.137325,-4.911514
-3.239450,-7.782464
-4.172258,-6.376815
-5.925618,-4.946852
-4.992490,-6.524340
-5.653161,-5.113837
-4.514471,-7.173246
-5.760910,-5.809545
-3.891692,-7.110357
-3.767254,-6.771789
-0.407797,-6.947290
-5.684602,-5.244780
-5.852985,-4.294338
-1.797289,-6.117215
-4.240257,-6.312425
-4.499457,-3.388184
-3.158044,-6.892123
-2.180557,-3.792693
-3.769861,-6.524611
-4.400852,-6.728984
-3.798005,-6.010492
-7.851857,-4.146481
-4.212234,-3.918061
-4.703683,-5.253085
-2.826424,-4.954090
-4.067411,-0.714199
-4.752914,-5.282007
-1.898371,-6.743297
-6.060910,-7.683884
-3.698920,-4.597339
-3.387182,-7.566125
-2.990625,-3.739886
-4.645381,-5.486936
-3.486020,-4.985070
-3.536459,-7.164914
-4.761347,-7.354495
-3.552498,-4.740461
-4.647636,-5.090586
-6.834188,-4.248897
-5.200320,-5.342209
-2.826359,-6.670536
-2.703563,-5.349672
-4.457128,-4.701717
-6.369952,-4.644626
-4.407149,-3.981370
-4.824624,-6.080761
-3.944956,-5.624837
-6.260367,-5.826722
-2.597969,-5.675441
-5.805104,-4.461880
-7.279579,-8.716186
-4.505639,-5.264397
-4.168815,-6.874960
-4.725163,-7.633885
-4.170070,-7.958764
-4.723278,-5.143416
-7.134352,-6.319540
-3.317194,-3.212333
-6.755354,-5.025908
-6.353338,-7.553672
-2.105303,-4.533512
-5.705705,-5.207244
-3.536494,-5.263846
-1.128496,-4.627117
-8.988886,-5.971085
-5.604278,-5.842005
-4.479215,-6.512500
-6.126790,-3.490677
-3.603401,-6.541894
-3.479939,-4.523014
-2.598452,-7.118755
-3.329591,-6.447468
-2.766847,-5.824459
-7.907082,-5.482754
-7.175657,-5.861509
-4.586701,-6.137743
-6.729793,-7.209379
-5.766300,-5.907948
-2.566664,-4.472157
-5.207706,-3.624969
-6.551507,-4.508253
-4.762266,-5.181298
-3.541720,-6.555148
-3.297676,-5.549750
-0.881715,-5.992177
-2.595651,-4.565150
-6.260603,-3.494852
-6.090030,-8.883778
-3.219440,-3.932355
-4.421375,-5.927314
-2.123891,-4.467983
-5.483213,-4.438486
-6.364351,-6.374237
-6.076109,-8.835811
-6.265352,-3.702293
-6.146146,-6.360833
-6.240874,-4.237374
-4.497617,-4.799667
-4.657944,-7.292326
-5.960328,-4.279886
-4.585524,-4.374183
-9.243307,-3.870622
-5.240364,-2.276499
-5.265546,-5.493382
-3.508847,-6.849478
-3.190307,-6.503609
-2.565759,-4.345976
-3.755959,-6.622077
-4.815270,-5.085918
-7.549428,-6.363409
-3.092303,-7.438056
-2.580946,-6.478258
-4.014528,-7.257281
-3.772846,-4.841693
-2.794853,-3.504680
-2.619128,-5.222407
-6.338660,-3.550138
-6.455616,-6.193850
-3.393751,-4.870449
-2.109816,-5.541865
-7.034517,-5.948673
-4.238323,-6.061699
-2.380733,-5.907204
-6.653185,-4.835601
-6.220941,-2.985947
-4.094272,-7.640712
-2.880326,-1.981915
-7.505498,-4.181175
-3.773372,-5.272265
-3.984421,-4.797957
-5.538921,-3.419300
-6.523700,-2.597940
-2.207883,-7.314988
-4.507514,-3.405997
-5.235905,-5.779398
-5.102980,-3.784576
-5.410938,-5.550524
-3.689091,-5.847188
-5.799061,-7.548108
-6.776798,-7.305492
-7.080238,-6.626100
-4.049091,-5.454642
-5.739363,-7.062814
-5.989496,-7.617632
-6.353230,-4.464243
-6.606331,-5.509811
-5.426494,-1.893869
-7.194806,-5.245834
-5.000040,-6.692481
-4.026594,-5.302408
-6.102771,-4.896369
-3.915661,-3.571581
-5.414370,-3.330119
-4.794640,-8.499804
-3.714770,-5.658171
-5.822940,-4.135925
-5.206856,-4.010457
-4.623465,-4.410303
-3.480197,-4.826033
-6.047479,-4.156216
-4.466771,-2.532394
-3.781409,-4.409096
-5.646753,-6.144998
-4.354337,-7.291499
-6.254830,-5.698659
-4.616220,-5.232673
-2.823757,-6.136291
-3.478100,-5.752738
-4.790432,-5.150183
-7.601006,-5.436250
-5.456800,-6.930543
-7.329901,-6.200122
-7.315568,-4.230600
-4.858375,-8.058893
-5.509701,-4.403355
-5.391739,-5.957612
-5.053188,-5.728199
-7.049064,-5.603975
-5.336553,-1.105116
-4.818926,-6.219222
-3.016698,-5.769833
-4.119400,-6.846959
-2.166572,-6.477297
-3.936388,-3.837249
-4.956171,-5.536009
-3.619644,-4.511762
-6.134561,-5.263560
-5.917467,-6.653841
-5.472000,-3.711818
-2.104548,-1.627606
-4.584239,-6.797896
-5.953636,-3.124564
-6.806981,-6.011238
-5.348508,-2.910792
-6.019430,-3.883290
-2.529384,-5.785940
-3.801171,-7.843857
-4.631725,-5.858326
-8.368788,-4.912720
-3.966664,-8.075849
-6.617827,-6.659719
-5.293186,-5.995334
-5.936600,-7.047571
-4.039644,-6.248657
-4.659615,-5.880305
-3.813613,-5.767198
-3.207104,-5.381287
-3.165862,-3.665162
-6.690127,-4.152793
-1.825180,-6.994579
-4.547220,-6.071591
-3.838163,-4.755797
-5.503357,-3.566950
-5.784435,-5.743264
-2.964025,-2.605628
-5.268396,-4.362343
-4.169351,-7.909451
-5.932196,-7.342941
-5.254389,-6.160967
-4.457490,-3.619244
-3.865699,-1.556191
-4.864556,-4.351906
-3.877796,-3.275935
-5.067488,-4.267898
-2.055804,-6.617005
-4.611721,-4.779326
-5.151583,-6.848651
-1.750314,-5.880260
-1.898274,-6.298423
-4.810047,-4.340077
-4.808442,-6.884087
-5.579280,-5.126777
-5.498585,-5.403684
-7.885342,-6.372969
-4.769881,-6.304748
-5.989794,-6.861042
-4.393632,-3.305196
-6.597053,-5.950176
-3.033839,-5.034098
-4.640050,-6.211854
-4.479521,-5.687381
-7.779106,-6.609460
-7.423797,-3.599200
-3.265441,-6.718136
-3.292097,-1.862814
-5.434028,-3.586873
-3.955656,-5.890834
-6.158279,-6.369673
-5.091782,-9.009449
-3.703721,-6.018382
-3.810547,-6.164626
-0.002005,-8.021712
-5.899003,-4.477977
-0.961712,-7.024413
-1.755591,-6.911329
-2.559363,-5.422693
-1.154416,-2.862807
-5.470998,-1.132233
-6.185652,-6.006216
-1.787559,-6.637960
-5.461441,-5.339840
-3.820684,-4.955012
-5.617960,-5.240445
-3.543276,-3.279799
-4.007173,-7.415254
-4.456787,-6.466676
-2.520867,-8.048919
-3.659814,-7.133880
-2.591328,-4.379042
-4.170417,-4.778377
-5.004734,-4.522119
-4.573854,-4.438979
-4.411549,-9.257572
-5.269900,-3.259547
-2.320603,-5.378962
-4.688464,-6.038657
-3.553572,-4.667229
-5.968051,-4.543310
-2.650069,-6.968082
-4.779676,-4.840438
-3.415284,-6.166588
-5.292430,-6.231613
-3.921565,-4.892107
-4.528540,-7.582121
-6.134394,-4.580549
-6.331046,-5.196250
-5.040610,-6.439128
-4.459366,-3.021257
-4.066189,-5.979284
-6.709471,-4.767428
-2.794359,-4.624721
-2.750482,-4.820888
-6.454326,-5.603210
-3.712112,-4.454268
-5.239028,-5.630833
-3.950609,-3.628846
-2.991555,-4.566308
-3.905080,-7.073707
-6.150853,-5.673567
-2.937039,-4.942755
-3.657770,-7.788119
-6.691894,-3.855959
-4.551371,-7.506317
-3.176162,-5.148731
-0.072217,-3.660785
-3.979368,-5.762450
-4.150970,-5.689763
-6.657609,-4.144502
-4.087127,-9.667845
-5.452698,-6.778898
-3.028078,-5.601868
-2.268303,-7.923065
-6.113093,-3.935143
-5.482246,-7.123734
-5.289421,-6.675522
-3.690422,-3.858534
-6.879792,-5.971950
-4.478048,-5.412495
-3.249530,-5.356015
-5.369119,-7.203626
-7.236478,-6.092453
-4.477799,-4.153198
-5.066067,-2.050229
-4.614133,-6.260801
-3.928521,-6.991624
-4.186052,-8.631931
-3.485273,-5.435767
-4.183557,-5.303572
-6.410048,-6.883717
-2.149776,-4.793889
-5.395309,-4.904164
-3.887847,-2.604059
-2.833887,-4.919032
-5.173191,-2.860250
-4.651737,-6.841553
-6.329783,-6.829380
-5.045541,-4.387683
-3.129635,-3.809181
-4.269949,-4.288546
-1.110440,-4.170351
-2.095090,-7.801743
3.616726,2.407317
0.713873,3.644507
6.818098,2.731014
5.022588,2.252908
3.991833,3.961955
2.935761,5.295039
1.851285,4.017341
3.992202,5.767707
5.872192,0.407751
1.095829,2.031955
3.976085,3.250479
4.774792,4.544384
2.680438,0.833170
5.108116,2.992518
4.574364,2.571245
4.469611,5.763750
2.294519,1.695694
5.691827,5.885101
4.420951,1.639916
1.727744,3.924803
2.855393,6.797358
8.241830,3.873442
5.457617,3.357121
6.442118,3.529384
4.824459,5.574595
5.668698,6.730462
2.274180,2.700616
3.373565,4.796659
3.989039,4.437488
2.975942,3.392478
8.174917,5.991542
1.911626,4.080869
5.968954,2.793879
3.075854,4.526971
4.880662,4.362801
4.492347,7.030738
3.358663,2.789992
5.501752,4.631602
2.661354,5.479959
2.542247,3.543589
4.268884,2.472553
6.429300,0.013411
3.633250,2.179844
6.041770,5.859622
5.892627,5.626917
1.392593,3.779390
2.654874,2.971542
5.096432,3.675927
6.793055,0.566037
3.475820,1.313045
2.271238,5.042659
5.003053,5.868910
6.507234,3.636215
3.275000,5.021677
3.692020,1.734854
3.003809,3.716775
6.627719,3.612903
6.566067,3.671003
4.089751,7.615750
7.460991,3.829350
3.481132,1.120446
5.331461,3.150722
5.429926,4.018552
5.383839,5.247331
5.200754,2.448824
3.573601,4.408680
3.121684,4.611503
5.800714,3.468165
3.557289,0.869482
3.043477,1.095095
4.769431,2.870558
3.348432,4.842898
4.923416,3.605370
5.566599,5.088668
2.325188,4.594010
2.016019,2.342414
6.247643,4.570823
5.726536,3.807117
6.848889,1.222789
4.271691,3.605013
7.782352,5.073815
6.287066,2.391971
8.103917,4.241702
3.220538,7.052029
2.589062,2.230940
4.378423,2.063360
5.520241,3.949134
4.899687,6.374700
2.278471,5.583568
3.492447,5.727236
7.587245,6.986319
4.443653,1.789101
5.221313,3.453937
2.085150,4.637307
3.345407,5.697003
6.177170,3.111984
4.783671,3.170139
4.043334,8.181456
3.325129,3.616996
6.216632,2.957481
3.786610,1.540338
6.517477,4.601994
5.434325,1.270796
5.484799,3.961946
4.222329,1.468879
4.644400,2.227727
4.849476,3.629000
4.222187,4.857025
4.630348,4.327620
5.357028,5.046249
3.283335,3.016032
6.112416,3.764289
6.418132,4.651854
4.062404,4.854756
4.343196,4.968896
7.510071,5.171382
8.163676,1.206617
3.906862,3.134473
4.128988,4.092662
4.177261,5.193151
6.206565,4.154200
3.211104,4.355050
5.740859,4.064818
4.774435,5.634492
3.906853,2.983944
5.730008,4.330177
6.008321,3.107974
2.757365,1.677617
4.080415,4.722627
5.917821,0.810123
5.530268,3.403150
3.166265,6.820152
5.125361,4.775113
8.580712,2.662311
4.134239,5.767513
2.767918,3.644938
4.798747,4.989261
5.337511,2.164220
6.187794,4.801714
3.152918,2.502285
3.940713,1.809980
6.326424,3.048226
4.312679,1.977356
4.137616,5.761417
5.851857,1.107894
3.244863,4.487391
3.982241,2.704130
3.438686,1.537386
4.872358,2.963582
6.439991,3.433928
3.281668,4.574698
6.748645,2.430384
2.175560,2.815541
2.704560,5.996416
2.647807,3.042447
6.939707,4.840809
3.958932,2.359394
4.457179,3.173757
6.974022,3.301992
2.704470,5.012649
6.284224,3.193796
5.887612,3.610860
2.919227,3.412378
3.012407,2.582757
3.321078,4.033257
5.009150,1.554471
3.349642,3.529952
5.425976,3.642351
1.419232,5.464347
7.387892,5.909679
5.545580,4.541969
3.748136,3.816858
3.033481,3.716630
2.584885,4.411792
4.197590,4.684593
5.003285,2.844651
5.994413,1.773883
4.332146,2.727673
5.845383,3.420717
5.134452,4.322196
1.210251,2.144513
4.903319,5.052704
5.588306,5.500139
4.396988,3.685010
3.979726,2.880481
3.483769,2.719069
4.443722,2.556659
4.769287,0.806039
5.371325,3.800175
5.398767,2.838744
3.967095,5.007531
4.497669,6.513814
2.620248,3.162943
3.038364,2.353873
3.544437,2.812891
5.903687,1.818149
5.644442,1.372658
4.121136,5.513704
5.422488,3.942410
5.674583,4.397952
5.671433,5.639484
3.171743,3.427881
5.685328,4.658453
5.566511,5.493795
3.977931,1.509409
6.638005,3.532785
3.906395,3.587629
4.081010,5.043302
6.064674,4.001589
5.540729,3.582901
6.269188,-0.010990
2.977132,3.474094
4.109208,2.108216
5.659377,2.066414
5.055466,3.720424
4.815970,2.290213
4.439676,5.374395
5.544709,4.978248
4.609301,0.980565
4.029722,3.307973
6.681687,5.237921
5.366692,2.249198
4.922095,3.141393
4.364162,1.683707
5.425281,3.489226
5.935997,1.341550
3.038952,9.003398
3.409349,3.965364
5.386057,2.060711
7.320835,3.435560
4.953644,6.261569
3.542893,2.802528
4.211155,1.475020
5.143183,4.243571
5.004404,4.517735
6.027905,4.042044
4.367263,5.364615
3.684428,5.628526
4.439990,4.681194
7.469252,0.136793
4.441034,2.928067
7.290504,2.923756
8.822954,1.242135
5.253683,2.954537
5.487060,2.686274
4.052876,0.799748
4.891685,1.287107
2.764921,3.664295
4.547401,5.074625
2.699730,4.165508
5.213174,3.080433
3.523971,3.415351
6.055403,2.973356
6.000367,3.123277
7.316618,3.574195
4.466111,1.117748
2.588697,4.105925
4.388250,3.955905
3.702461,3.308332
3.793882,3.976788
4.402178,6.330967
3.697309,5.212204
3.147685,2.835991
3.467108,5.423446
5.384908,3.739749
5.081107,1.907437
6.833794,5.618283
4.677975,3.553881
5.703128,3.271108
4.429160,2.794783
4.210588,2.819900
5.824204,3.041545
4.086878,2.593756
2.480179,5.874262
5.492318,4.833741
3.934578,5.719791
4.947228,5.712944
4.709364,3.466993
3.937492,3.650220
5.066900,5.773034
7.038994,3.668910
6.557982,-0.542487
4.023986,3.908557
6.060107,4.168641
4.645345,2.841743
3.529776,6.386930
6.412763,5.495655
4.745333,2.732286
5.561466,3.497058
4.537308,3.496705
3.779997,2.226867
4.365817,1.455857
5.626799,4.791816
3.575116,0.792845
5.319794,3.891638
4.760185,1.532348
1.852814,6.101329
4.404812,4.290588
4.623300,4.154300
2.812025,2.865426
2.696380,1.903260
3.665894,0.824166
4.037625,2.467656
2.950102,3.334731
4.712413,2.278529
7.747382,4.611301
6.411909,3.041415
6.069823,4.682352
3.201664,2.510675
9.102258,2.917163
5.459716,3.212087
5.976520,2.042112
3.221486,5.235501
5.027223,-0.182442
4.764546,3.261038
5.795427,4.015571
5.242719,3.665186
5.165127,1.805054
3.507075,2.255524
2.717685,4.716371
6.345800,4.454983
3.827576,2.728298
4.069612,5.203337
5.519366,6.142355
3.275058,3.195536
2.838404,1.408127
4.496535,3.030431
3.960199,1.231904
5.024579,3.108185
6.101723,4.359744
2.761812,4.127528
3.831122,5.832748
4.685042,2.778720
4.119613,1.282644
6.641109,6.713022
2.134729,3.156300
4.563817,2.642574
6.555729,5.405148
4.361409,6.640913
4.778580,3.171134
5.149130,2.414940
6.909124,4.458944
4.197005,3.255712
3.367766,3.927754
2.788967,3.538745
3.953616,4.384574
6.293277,4.714397
4.545568,2.469554
4.279931,3.509041
5.461302,2.681728
3.278505,3.794130
6.767628,6.342477
5.919224,2.048594
6.842314,2.265499
3.573566,4.175406
2.658936,4.736510
4.648980,4.132674
3.494281,4.803631
5.499110,2.988997
6.147346,-0.456439
5.272892,3.372683
3.536926,3.799804
5.479125,2.428546
4.550135,3.471860
5.318762,5.374152
4.033499,5.509367
2.773091,3.985155
2.150011,3.641655
5.812806,6.568444
4.803459,2.411517
6.269168,3.595726
4.876931,4.909516
6.368549,0.935796
4.806749,3.509396
3.125069,1.098140
4.629155,2.838391
3.642377,3.327937
4.202888,3.560383
7.094611,3.488796
7.549980,5.400138
6.180799,2.441233
4.289272,2.154403
5.353237,3.433398
5.391971,3.987776
4.981195,2.998626
3.269937,2.871462
5.804349,3.288166
4.639387,4.835706
5.460789,1.321778
4.608805,2.227048
4.648150,4.119396
5.493547,6.029667
3.978199,3.091574
5.590466,4.976969
3.182288,4.564065
5.727643,3.308455
4.307771,4.632962
5.370179,4.135044
3.631735,0.950535
4.588419,3.127341
5.416647,2.387220
5.681470,4.148403
3.619230,4.951533
4.215050,2.489286
5.105725,3.511921
3.371844,4.464199
4.715692,2.396670
2.098476,4.173616
4.877960,3.713064
6.794661,-0.201932
6.633235,5.579688
3.259310,5.056002
3.511484,1.970231
4.577331,6.275467
5.271925,3.608767
6.057942,2.600243
6.975696,5.889921
5.373240,2.351589
6.337447,3.976028
5.694921,5.238840
5.384076,2.180183
6.964906,3.952899
5.215660,4.456632
5.197024,4.655912
5.025612,3.267606
3.904150,2.767002
4.297173,5.018148
4.224085,3.367374
4.577831,4.334791
5.702896,6.495658
2.639829,3.192065
5.588958,1.006307
7.341435,3.359827
3.538427,4.990122
1.432413,3.852349
3.242176,3.511624
5.290511,4.722788
5.346416,6.663574
4.822390,3.021098
6.568602,3.436034
5.356746,-2.371922
5.409289,3.421838
4.077073,2.549471
6.084151,0.471487
9.453171,5.265171
5.284128,6.384551
5.141408,2.191537
6.270045,1.079934
5.629522,5.331141
5.531873,1.357182
5.037102,3.349358
3.616108,0.066022
2.951176,2.782889
6.417755,7.663722
6.014609,2.351601
4.097868,5.157270
5.650110,4.120365
5.086563,5.332928
8.083342,3.548393
4.967594,4.290619
4.036188,0.245048
5.470020,2.433621
6.704329,3.807631
6.975561,2.247651
6.426210,1.086543
6.135923,3.178121
6.135572,2.996819
5.753122,4.287941
5.304157,4.198008
7.250078,2.692042
6.834543,3.002812
6.539848,7.043570
3.531942,0.299941
4.975013,2.496455
3.939703,3.040094
3.928742,5.680495
6.417512,5.272644
8.197627,2.377833
0.984252,6.569313
5.105134,3.450465
2.025052,1.506446
5.767279,3.319276
1.500119,2.123269
6.303122,5.451997
5.050660,7.784985
6.269512,6.249387
6.729365,4.780847
2.720622,1.133450
3.617400,3.921525
4.731046,4.096046
4.699427,4.250632
6.210747,3.545914
4.297447,-0.397951
6.037749,2.373984
3.365710,4.835521
6.107088,4.553938
6.158935,1.892898
4.385628,2.708976
7.324193,4.829695
4.363512,4.796173
8.405648,-8.437379
8.543913,-6.985346
7.630364,-10.136957
8.375465,-8.657313
6.125565,-9.413558
7.469404,-8.220476
8.686124,-8.579939
8.518452,-8.821281
8.662081,-7.656615
8.697347,-6.105504
7.419338,-10.651114
7.726782,-7.047076
7.881000,-7.784051
5.259604,-9.512438
8.651667,-7.094545
6.717951,-7.710707
6.777081,-9.989891
7.950104,-7.935675
8.438175,-7.166156
10.359264,-6.838099
7.302318,-6.851690
5.642315,-8.110185
9.423809,-7.242480
9.085953,-5.396164
6.732478,-7.069058
7.703585,-6.589223
8.020021,-7.088101
10.163746,-7.314850
7.528868,-8.812739
6.802537,-6.704052
9.812065,-8.627694
5.129539,-9.211495
8.494574,-9.681397
4.905848,-8.927864
4.783308,-7.773060
7.241980,-8.170823
9.788576,-9.623127
4.621737,-8.303767
8.547036,-10.405538
7.290904,-8.782019
7.885321,-9.184466
11.838786,-8.654893
8.123377,-8.988351
3.878932,-6.189868
3.108392,-6.225996
5.861450,-10.299606
7.680242,-4.967369
8.322996,-8.548111
6.691992,-7.285139
7.288456,-7.190518
4.898376,-7.468560
8.320579,-10.301559
6.294639,-8.482288
7.113827,-7.826184
5.691573,-9.588070
11.014600,-9.524789
7.204431,-8.526837
7.425858,-6.450874
6.985333,-6.978829
6.560413,-7.101606
7.522474,-8.523366
7.710663,-7.435852
6.053397,-9.716899
10.899430,-7.501486
7.302269,-7.298090
7.753385,-11.638331
8.085586,-8.444035
8.367293,-9.423314
7.512914,-6.548035
7.617325,-8.904668
8.391172,-8.852473
9.445381,-8.522981
8.388648,-9.317414
5.971895,-7.182261
8.236582,-7.305066
8.948614,-10.465115
8.023269,-11.269951
8.622632,-9.889667
8.544551,-7.172292
7.034393,-8.295794
9.677066,-10.742070
8.809042,-8.083658
9.265809,-10.739060
7.848896,-6.604929
9.882338,-9.415105
7.424287,-5.499105
5.713871,-8.329845
8.109729,-7.998829
6.442222,-6.814518
9.176391,-5.537015
6.654140,-8.983764
9.488482,-5.538230
7.828630,-10.553263
7.519470,-6.814152
8.860744,-6.591804
10.730981,-8.908201
6.486933,-10.065285
7.659418,-6.732606
10.434364,-7.933067
7.865690,-8.460552
9.683173,-9.404233
7.686198,-8.377311
7.802850,-5.548897
6.505634,-4.578314
6.860636,-9.491956
6.852287,-7.288130
7.822469,-6.579392
6.608094,-10.771048
7.287190,-7.841563
5.638960,-8.420991
8.646963,-9.471210
6.607620,-9.903985
7.628412,-7.576734
11.964925,-6.513405
5.951032,-10.566420
7.678172,-5.903242
8.829298,-9.052207
9.346051,-6.195195
10.036202,-9.860845
8.499721,-10.182987
6.635397,-10.179129
7.450663,-10.415239
9.005978,-8.279709
6.546898,-7.533066
10.139711,-7.743145
6.968101,-8.687005
7.687412,-9.313525
5.275998,-8.828971
9.707673,-9.502084
4.948088,-8.394396
9.497802,-10.844866
8.128647,-7.644055
8.648876,-7.425581
8.755799,-10.637134
8.767679,-6.194953
7.511110,-7.704094
6.321967,-6.306754
6.916020,-5.786998
7.273678,-7.244575
7.043464,-5.444594
4.885390,-7.707246
4.724421,-10.068388
10.681582,-6.899192
4.827780,-8.270269
6.914088,-7.406529
10.619202,-7.280382
8.495570,-7.499162
6.204826,-7.209521
9.225235,-9.179758
6.879866,-6.086253
8.157276,-9.967200
7.207464,-8.947501
7.746821,-8.370294
7.469677,-5.750319
9.092013,-6.036738
5.301613,-8.094513
9.605757,-7.173105
6.824570,-9.395169
9.283620,-8.579995
8.816044,-8.026302
7.667133,-8.080504
6.599188,-5.709449
8.665861,-6.162217
7.049796,-9.072027
7.364726,-9.553610
8.860821,-7.192463
7.073890,-8.740720
8.408495,-9.390107
7.229599,-5.920492
6.723727,-9.036457
11.600687,-11.450781
6.067029,-5.565270
7.229269,-7.511478
11.023077,-9.336779
6.956332,-7.645044
7.729857,-9.048615
7.643606,-10.253415
8.542177,-7.009482
7.601414,-8.596942
8.666766,-9.068578
7.381395,-8.363724
10.051609,-8.335054
7.673000,-8.507445
7.267900,-9.708601
6.464921,-6.970697
6.989934,-8.122696
7.129187,-10.253094
7.146463,-6.165814
7.221719,-9.275783
7.201775,-8.763177
8.186355,-8.878697
7.697195,-8.997599
8.379843,-7.794335
8.161118,-7.311532
7.694717,-6.441803
8.542880,-6.029470
7.724024,-7.853035
6.820320,-8.237782
9.070633,-8.809469
10.081855,-8.222714
10.218356,-9.834428
7.428298,-9.005763
9.359539,-7.298069
7.728970,-8.944920
7.803335,-7.174344
9.097203,-8.350649
7.172974,-8.108122
8.037499,-7.882415
7.163349,-5.650515
6.900402,-5.992517
9.934087,-6.840553
10.654687,-7.427468
7.368562,-9.045831
6.836976,-7.005205
5.622688,-10.394757
10.142306,-6.741901
8.465088,-6.876199
9.005031,-8.541528
5.640636,-6.336588
8.512885,-10.325549
8.057036,-8.964306
7.670550,-8.753179
8.670404,-8.573846
6.111161,-7.251709
8.572292,-10.399893
8.457286,-6.929784
7.614844,-7.979705
6.697097,-10.886331
8.626337,-8.393052
8.487995,-8.613392
7.453057,-8.017781
7.748610,-6.961805
7.207757,-10.427819
8.059761,-10.216028
4.042629,-9.906393
7.185709,-9.455140
5.538588,-8.598191
9.668290,-7.017097
7.855945,-6.879543
7.183001,-9.584219
8.861281,-9.886590
8.344608,-8.299731
7.299470,-8.948313
9.549420,-10.645270
8.247087,-8.694077
6.731460,-8.202808
8.317296,-8.351140
8.211148,-6.138962
6.942246,-7.634299
5.235695,-7.575792
5.043181,-7.314180
7.130829,-8.015027
5.660365,-8.225189
9.079611,-7.331452
7.817716,-8.270932
9.561748,-7.157238
6.906448,-9.130968
6.823792,-8.314697
6.102589,-11.498781
7.516131,-7.881900
8.123229,-6.633738
5.904836,-9.030957
5.679952,-7.892479
7.686717,-8.982459
7.905754,-9.321555
6.310548,-5.890462
9.059109,-8.537469
5.531427,-8.582665
8.704968,-8.006397
9.357306,-6.420906
7.716769,-8.963350
7.102002,-8.881435
9.200416,-8.897446
5.322424,-7.563774
7.695193,-8.962007
4.898330,-6.506145
8.888117,-9.966547
8.071252,-9.886821
5.802687,-11.409280
9.012593,-6.941349
7.378831,-8.350984
10.475994,-9.394317
6.066462,-8.069907
8.667840,-8.706551
5.704463,-9.412042
8.871100,-7.189094
5.337557,-10.095133
6.365865,-8.299394
11.153819,-8.689956
7.936749,-9.456941
11.721564,-9.164107
7.075969,-8.026896
5.857045,-7.048077
7.831096,-9.525304
6.949879,-11.102277
7.010259,-11.673159
7.167896,-9.004584
6.960121,-9.135500
6.580623,-6.410176
10.002439,-8.515564
9.559100,-8.720972
7.389942,-9.504393
8.889792,-7.334128
5.907884,-8.021256
7.068055,-9.614105
7.805046,-11.139482
7.192682,-5.426949
8.497101,-9.964588
8.673648,-8.128300
7.362375,-9.139874
7.844624,-9.149819
7.583794,-7.151970
9.067163,-10.205919
7.141006,-5.850858
10.538408,-7.706572
10.257952,-6.448944
7.645608,-11.255666
7.751835,-10.184503
8.048153,-5.641929
8.216649,-9.438973
6.089591,-11.205653
4.984556,-5.821073
9.127528,-8.457781
7.614140,-8.339178
7.825995,-6.173048
8.428777,-11.234881
9.434588,-11.155947
7.234301,-10.340316
7.904130,-10.146932
5.776908,-9.831020
9.064309,-8.539811
8.844375,-6.220774
8.201107,-7.406069
6.389362,-8.388065
6.120325,-7.430493
9.202922,-6.812470
7.801244,-6.918042
7.625594,-9.103439
8.596674,-7.172285
11.149084,-7.167527
6.192187,-9.728395
5.891029,-8.145163
6.194064,-6.217731
7.406330,-7.298592
8.071132,-7.745493
6.288827,-8.311456
7.202540,-8.413151
8.030625,-7.239013
7.145256,-7.025816
8.337442,-5.803075
2.874698,-9.225243
9.731456,-12.043094
10.070545,-8.137913
4.780247,-7.172837
6.264731,-9.630438
10.040561,-8.841571
6.404560,-5.249282
9.237204,-8.763077
6.659368,-8.567163
10.209530,-9.734983
5.932774,-6.349398
7.420408,-8.110539
8.630909,-8.846334
4.207469,-8.579477
9.705161,-5.002551
7.666787,-8.304229
9.891790,-7.367670
8.286716,-11.229921
7.219066,-7.939094
5.572528,-8.810296
10.406363,-8.646948
5.692050,-11.091875
7.826660,-9.127808
6.540816,-7.919959
8.270799,-7.999353
8.369327,-10.104716
6.882838,-8.750465
7.762857,-6.776863
6.751303,-9.427579
10.074668,-8.023548
5.746530,-8.727681
5.989307,-9.966669
5.842198,-9.455188
10.933167,-6.745502
9.916097,-6.629807
7.641270,-7.656066
7.997821,-9.863335
6.099944,-6.910698
6.016000,-7.959833
8.821745,-7.132119
8.397489,-10.062314
8.654187,-8.468620
6.377265,-11.244354
8.520403,-10.589889
5.282599,-5.639348
6.041534,-8.891190
7.951282,-8.155895
6.314630,-9.323712
9.052072,-8.679400
7.808871,-11.505127
6.983046,-6.975105
6.749787,-9.688519
8.405947,-7.363236
8.344202,-9.110772
8.968029,-5.817769
9.598539,-10.606223
12.237834,-10.249627
6.004718,-7.804631
7.702051,-7.719198
9.811055,-6.865455
6.503374,-8.153122
9.360404,-6.681855
9.530272,-7.035048
8.905445,-9.031497
5.866325,-7.627631
7.162549,-6.394452
6.534752,-8.833007
7.201443,-6.810762
8.970759,-8.226992
8.281619,-5.839079
5.199597,-7.139168
9.463555,-6.439812
9.047342,-9.422094
7.035031,-7.267955
6.959644,-8.558736
5.585717,-10.049892
8.363579,-8.900226
6.705468,-8.542933
8.295678,-8.653097
8.102459,-8.128503
7.466338,-8.278250
6.512691,-9.013615
5.087983,-10.010867
6.063014,-8.859549
9.539076,-8.274772
8.069290,-9.674889
8.274259,-5.717559
7.712730,-9.498324
6.094779,-7.866868
6.431630,-7.191142
6.325116,-10.745399
8.563520,-10.201778
8.752793,-6.705081
6.954372,-7.948766
9.931828,-8.958469
10.241272,-8.754059
6.437027,-8.114907
8.181282,-6.559677
9.173213,-7.706938
8.827867,-7.989905
9.031750,-9.039284
6.221693,-7.948388
11.877326,-7.049703
6.793567,-6.170357
5.046860,-8.639070
8.439725,-9.271079
6.952311,-8.516222
7.029839,-9.437445
6.217260,-10.601309
6.393974,-8.413550
9.353148,-9.256318
6.026051,-5.853053
6.128705,-8.119335
6.439023,-9.339608
8.423439,-7.569487
9.750109,-7.258081
8.074640,-7.324365
6.298228,-6.445444
8.642590,-7.526535
8.741353,-10.480791
6.142694,-8.062798
8.060997,-7.398665
8.003457,-8.537992
9.730269,-7.736868
8.963582,-6.468412
9.739532,-7.784689
8.932259,-7.862217
9.452376,-4.840287
6.276250,-9.390325
10.219118,-7.982028
7.198737,-9.302412
9.249736,-7.420681
10.855212,-8.398017
9.195959,-5.780389
5.692717,-9.841310
8.250726,-9.120073
7.211367,-9.252606
7.621708,-9.617261
5.923976,-7.683457
8.030827,-6.792917
8.626515,-7.625293
8.972928,-9.633510
7.095911,-7.848928
9.245907,-7.291391
7.525625,-8.540656
8.218384,-9.995800
9.116434,-7.102786
9.237154,-6.771072
9.340422,-11.087309
8.181504,-10.406019
